{"timestamps": [1534968034.432264, 1534968049.462681, 1534968063.911414, 1534968078.643938], "initial_reset_timestamp": 1534968018.634527, "episode_types": ["t", "t", "t", "t", "t"], "episode_lengths": [251, 216, 215, 209], "episode_rewards": [182.0, 179.0, 218.0, 184.0]}